"Model","Time","SSP","Metric","Mean_days","Median_days","Mean_fraction","Median_fraction"
"CMCC-ESM2","Mid","ssp245","VPD_below",2.69299946773375,0,0.00352593574078094,0
"CMCC-ESM2","Mid","ssp245","VPD_above",22.9355472580099,12,0.0300061424893755,0.0156862745098039
"CMCC-ESM2","Mid","ssp245","VPD_outside",25.6285467257437,14,0.0335320782301565,0.0183006535947712
"CMCC-ESM2","Mid","ssp245","SM_below",134.653454407689,117,0.176157026839938,0.152941176470588
"CMCC-ESM2","Mid","ssp245","SM_above",41.7606343470552,24,0.0546421326425982,0.0313725490196078
"CMCC-ESM2","Mid","ssp245","SM_outside",176.414088754744,147,0.230799159482536,0.192156862745098
"CMCC-ESM2","Mid","ssp245","Either_outside",189.013355256412,160,0.247278688726071,0.209150326797386
"CanESM5","Mid","ssp245","VPD_below",10.7482363600559,0,0.0140720168236152,0
"CanESM5","Mid","ssp245","VPD_above",39.3465221619416,24,0.0515201017732055,0.0313725490196078
"CanESM5","Mid","ssp245","VPD_outside",50.0947585219976,27,0.0655921185968207,0.0352941176470588
"CanESM5","Mid","ssp245","SM_below",127.101558495017,82,0.166522640924817,0.10718954248366
"CanESM5","Mid","ssp245","SM_above",66.2669651305565,47,0.0867400379400469,0.061437908496732
"CanESM5","Mid","ssp245","SM_outside",193.368523625573,149,0.253262678864864,0.194771241830065
"CanESM5","Mid","ssp245","Either_outside",223.404236360392,190,0.292547604065666,0.248366013071895
"CanESM5-1","Mid","ssp245","VPD_below",8.79304945443603,0,0.0115299396538497,0
"CanESM5-1","Mid","ssp245","VPD_above",36.5510775667647,21,0.0478826897107478,0.0274509803921569
"CanESM5-1","Mid","ssp245","VPD_outside",45.3441270212007,25,0.0594126293645976,0.0326797385620915
"CanESM5-1","Mid","ssp245","SM_below",137.27837300534,113,0.180025689415353,0.147712418300654
"CanESM5-1","Mid","ssp245","SM_above",68.9942455006579,53,0.0904243725810373,0.069281045751634
"CanESM5-1","Mid","ssp245","SM_outside",206.272618505998,176,0.27045006199639,0.230065359477124
"CanESM5-1","Mid","ssp245","Either_outside",230.507214915011,202,0.302158205068485,0.264052287581699
"EC-Earth3","Mid","ssp245","VPD_below",1.99756407374944,0,0.00261232037248416,0
"EC-Earth3","Mid","ssp245","VPD_above",13.6123854560412,6,0.0178018912837033,0.00784313725490196
"EC-Earth3","Mid","ssp245","VPD_outside",15.6099495297906,7,0.0204142116561875,0.00915032679738562
"EC-Earth3","Mid","ssp245","SM_below",214.919698111914,204,0.281076679243641,0.266666666666667
"EC-Earth3","Mid","ssp245","SM_above",91.7797682196843,74,0.120062023574386,0.0967320261437909
"EC-Earth3","Mid","ssp245","SM_outside",306.699466331599,291,0.401138702818027,0.380392156862745
"EC-Earth3","Mid","ssp245","Either_outside",308.869359440948,293,0.403975972646084,0.383006535947712
"INM-CM4-8","Mid","ssp245","VPD_below",37.5174486594925,0,0.0490713324639921,0
"INM-CM4-8","Mid","ssp245","VPD_above",58.6421480997305,46,0.0767052763490441,0.0601307189542484
"INM-CM4-8","Mid","ssp245","VPD_outside",96.159596759223,55,0.125776608813036,0.0718954248366013
"INM-CM4-8","Mid","ssp245","SM_below",175.353093981802,110,0.229311387391884,0.143790849673203
"INM-CM4-8","Mid","ssp245","SM_above",73.8070696749269,68,0.0965166905606643,0.0888888888888889
"INM-CM4-8","Mid","ssp245","SM_outside",249.160163656729,173,0.325828077952548,0.226143790849673
"INM-CM4-8","Mid","ssp245","Either_outside",302.713709415937,289,0.395851883085107,0.377777777777778
"INM-CM5-0","Mid","ssp245","VPD_below",17.0577913282144,0,0.0223196043087082,0
"INM-CM5-0","Mid","ssp245","VPD_above",37.850748441083,22,0.0495038810566051,0.0287581699346405
"INM-CM5-0","Mid","ssp245","VPD_outside",54.9085397692974,25,0.0718234853653133,0.0326797385620915
"INM-CM5-0","Mid","ssp245","SM_below",179.123208830643,184,0.234248478749833,0.240522875816993
"INM-CM5-0","Mid","ssp245","SM_above",102.07302360927,96,0.133485120332058,0.125490196078431
"INM-CM5-0","Mid","ssp245","SM_outside",281.196232439913,254,0.367733599081892,0.33202614379085
"INM-CM5-0","Mid","ssp245","Either_outside",302.569931776921,284,0.395683973987086,0.371241830065359
"IPSL-CM6A-LR","Mid","ssp245","VPD_below",2.40564523168274,0,0.00315184303394077,0
"IPSL-CM6A-LR","Mid","ssp245","VPD_above",6.58300767134028,0,0.00860991011312147,0
"IPSL-CM6A-LR","Mid","ssp245","VPD_outside",8.98865290302301,0,0.0117617531470622,0
"IPSL-CM6A-LR","Mid","ssp245","SM_below",96.7333580576485,56,0.126473254189264,0.073202614379085
"IPSL-CM6A-LR","Mid","ssp245","SM_above",28.1801520225691,12,0.0368470614379397,0.0156862745098039
"IPSL-CM6A-LR","Mid","ssp245","SM_outside",124.913510080218,71,0.163320315627204,0.0928104575163399
"IPSL-CM6A-LR","Mid","ssp245","Either_outside",130.659068848894,82,0.170839936487138,0.10718954248366
"KACE-1-0-G","Mid","ssp245","VPD_below",72.3587103658422,56,0.095063447648855,0.073202614379085
"KACE-1-0-G","Mid","ssp245","VPD_above",88.4444957743571,78,0.116108569855209,0.103267973856209
"KACE-1-0-G","Mid","ssp245","VPD_outside",160.803206140199,134,0.211172017504064,0.17516339869281
"KACE-1-0-G","Mid","ssp245","SM_below",186.640635887214,169,0.245284037687152,0.220915032679739
"KACE-1-0-G","Mid","ssp245","SM_above",78.0480953849156,74,0.102420527843583,0.0980392156862745
"KACE-1-0-G","Mid","ssp245","SM_outside",264.688731272129,235,0.347704565530735,0.307286046409615
"KACE-1-0-G","Mid","ssp245","Either_outside",339.68492628334,345,0.445946811348161,0.450980392156863
"MIROC6","Mid","ssp245","VPD_below",30.525238767266,0,0.0399256731639768,0
"MIROC6","Mid","ssp245","VPD_above",60.6060398763636,9,0.0792631056820408,0.0117647058823529
"MIROC6","Mid","ssp245","VPD_outside",91.1312786436297,13,0.119188778846018,0.0169934640522876
"MIROC6","Mid","ssp245","SM_below",132.197896202038,65,0.172886414050517,0.0849673202614379
"MIROC6","Mid","ssp245","SM_above",26.2534233626091,7,0.0343266211076044,0.00915032679738562
"MIROC6","Mid","ssp245","SM_outside",158.451319564647,90,0.207213035158121,0.117647058823529
"MIROC6","Mid","ssp245","Either_outside",202.810660412872,167,0.265221818342716,0.218300653594771
"MPI-ESM1-2-HR","Mid","ssp245","VPD_below",4.37246729704206,0,0.00575183140617366,0
"MPI-ESM1-2-HR","Mid","ssp245","VPD_above",19.4335299777641,9,0.0254829175861565,0.0117647058823529
"MPI-ESM1-2-HR","Mid","ssp245","VPD_outside",23.8059972748061,12,0.0312347489923302,0.0156862745098039
"MPI-ESM1-2-HR","Mid","ssp245","SM_below",99.8439448319012,52,0.130770667121954,0.0679738562091503
"MPI-ESM1-2-HR","Mid","ssp245","SM_above",32.3091522537107,13,0.0423293261773727,0.0169934640522876
"MPI-ESM1-2-HR","Mid","ssp245","SM_outside",132.153097085612,69,0.173099993299327,0.0901960784313725
"MPI-ESM1-2-HR","Mid","ssp245","Either_outside",142.017654451212,84,0.186044643226652,0.109803921568627
"MPI-ESM1-2-LR","Mid","ssp245","VPD_below",3.5746122629012,0,0.00469378282369209,0
"MPI-ESM1-2-LR","Mid","ssp245","VPD_above",14.4533819853998,1,0.0189342602255565,0.00130718954248366
"MPI-ESM1-2-LR","Mid","ssp245","VPD_outside",18.027994248301,1,0.0236280430492486,0.00130718954248366
"MPI-ESM1-2-LR","Mid","ssp245","SM_below",112.336345305567,57,0.146907228688147,0.0745098039215686
"MPI-ESM1-2-LR","Mid","ssp245","SM_above",21.4851951106826,0,0.028117705222572,0
"MPI-ESM1-2-LR","Mid","ssp245","SM_outside",133.82154041625,69,0.175024933910719,0.0901960784313725
"MPI-ESM1-2-LR","Mid","ssp245","Either_outside",141.349445867879,85,0.184905055644634,0.111111111111111
"MRI-ESM2-0","Mid","ssp245","VPD_below",7.19734344483811,0,0.00940999397620535,0
"MRI-ESM2-0","Mid","ssp245","VPD_above",11.3962540037553,0,0.014899507374148,0
"MRI-ESM2-0","Mid","ssp245","VPD_outside",18.5935974485934,0,0.0243095013503533,0
"MRI-ESM2-0","Mid","ssp245","SM_below",87.5791116373764,17,0.114540459103065,0.0222222222222222
"MRI-ESM2-0","Mid","ssp245","SM_above",43.5219350785715,10,0.0569054711020254,0.0130718954248366
"MRI-ESM2-0","Mid","ssp245","SM_outside",131.101046715948,54,0.17144593020509,0.0705882352941176
"MRI-ESM2-0","Mid","ssp245","Either_outside",140.319270695143,70,0.183497735646443,0.0915032679738562
"NorESM2-LM","Mid","ssp245","VPD_below",7.08519321682882,0,0.00927077848820165,0
"NorESM2-LM","Mid","ssp245","VPD_above",22.8592564525263,13,0.0298948929577166,0.0169934640522876
"NorESM2-LM","Mid","ssp245","VPD_outside",29.9444496693551,16,0.0391656714459183,0.0209150326797386
"NorESM2-LM","Mid","ssp245","SM_below",176.714252656868,170,0.231049575203192,0.222222222222222
"NorESM2-LM","Mid","ssp245","SM_above",40.1514506452639,14,0.0524993315179087,0.0183006535947712
"NorESM2-LM","Mid","ssp245","SM_outside",216.865703302132,196,0.283548906721101,0.256209150326797
"NorESM2-LM","Mid","ssp245","Either_outside",232.300470771009,208,0.303734624842426,0.271895424836601
"NorESM2-MM","Mid","ssp245","VPD_below",7.88248831190395,0,0.0103137620822855,0
"NorESM2-MM","Mid","ssp245","VPD_above",28.1872003171458,16,0.0368723159536035,0.0209150326797386
"NorESM2-MM","Mid","ssp245","VPD_outside",36.0696886290498,19,0.047186078035889,0.0248366013071895
"NorESM2-MM","Mid","ssp245","SM_below",187.177503255699,171,0.244861838944231,0.223529411764706
"NorESM2-MM","Mid","ssp245","SM_above",42.0023551021443,26,0.0549511821588834,0.0339869281045752
"NorESM2-MM","Mid","ssp245","SM_outside",229.179858357843,212,0.299813021103114,0.277124183006536
"NorESM2-MM","Mid","ssp245","Either_outside",248.033441886568,227,0.324466181510928,0.296732026143791
"TaiESM1","Mid","ssp245","VPD_below",4.42644261085666,0,0.00579358652232785,0
"TaiESM1","Mid","ssp245","VPD_above",14.9598112821834,6,0.0195607910842185,0.00784313725490196
"TaiESM1","Mid","ssp245","VPD_outside",19.3862538930401,8,0.0253543776065463,0.0104575163398693
"TaiESM1","Mid","ssp245","SM_below",112.635055686223,95,0.147290880087646,0.124183006535948
"TaiESM1","Mid","ssp245","SM_above",73.5887794411393,50,0.0962425115764592,0.065359477124183
"TaiESM1","Mid","ssp245","SM_outside",186.223835127362,157,0.243533391664105,0.205228758169935
"TaiESM1","Mid","ssp245","Either_outside",195.417022330589,168,0.255556856359706,0.219607843137255
"CMCC-ESM2","Mid","ssp585","VPD_below",2.71047483678368,0,0.00354761041322384,0
"CMCC-ESM2","Mid","ssp585","VPD_above",28.7799407037552,18,0.0376363367322051,0.0235294117647059
"CMCC-ESM2","Mid","ssp585","VPD_outside",31.4904155405389,20,0.0411839471454289,0.0261437908496732
"CMCC-ESM2","Mid","ssp585","SM_below",159.576612136891,157,0.208660232220419,0.205228758169935
"CMCC-ESM2","Mid","ssp585","SM_above",36.6085985726701,19,0.0478773551861444,0.0248366013071895
"CMCC-ESM2","Mid","ssp585","SM_outside",196.185210709561,186,0.256537587406563,0.243137254901961
"CMCC-ESM2","Mid","ssp585","Either_outside",207.311283834336,195,0.271089564796066,0.254901960784314
"CanESM5","Mid","ssp585","VPD_below",12.9308186872331,0,0.0169374848344507,0
"CanESM5","Mid","ssp585","VPD_above",40.7504592333683,25,0.0533205895120251,0.0326797385620915
"CanESM5","Mid","ssp585","VPD_outside",53.6812779206014,31,0.0702580743464758,0.0405228758169935
"CanESM5","Mid","ssp585","SM_below",119.668829397984,106,0.156575620665979,0.138562091503268
"CanESM5","Mid","ssp585","SM_above",73.4040931254404,49,0.0960586837699013,0.0640522875816993
"CanESM5","Mid","ssp585","SM_outside",193.072922523424,147,0.25263430443588,0.192156862745098
"CanESM5","Mid","ssp585","Either_outside",223.136876373056,186,0.291957269856157,0.243137254901961
"CanESM5-1","Mid","ssp585","VPD_below",18.0677652231362,0,0.0236940056507942,0
"CanESM5-1","Mid","ssp585","VPD_above",29.1585263231447,17,0.0381920246589079,0.0222222222222222
"CanESM5-1","Mid","ssp585","VPD_outside",47.2262915462809,24,0.0618860303097022,0.0313725490196078
"CanESM5-1","Mid","ssp585","SM_below",103.010016184372,67,0.13494878612086,0.0875816993464052
"CanESM5-1","Mid","ssp585","SM_above",89.225660051318,65,0.116942608687511,0.0849673202614379
"CanESM5-1","Mid","ssp585","SM_outside",192.23567623569,153,0.251891394808371,0.200261780104712
"CanESM5-1","Mid","ssp585","Either_outside",218.588347820178,188,0.286376601058514,0.245751633986928
"EC-Earth3","Mid","ssp585","VPD_below",1.53407353328882,0,0.00200592797929537,0
"EC-Earth3","Mid","ssp585","VPD_above",22.2035479927363,11,0.0290452336775866,0.0143790849673203
"EC-Earth3","Mid","ssp585","VPD_outside",23.7376215260251,11,0.031051161656882,0.0143790849673203
"EC-Earth3","Mid","ssp585","SM_below",239.384682916842,226,0.313123060165279,0.295933762174171
"EC-Earth3","Mid","ssp585","SM_above",86.1933938248827,75,0.112764089349963,0.0980392156862745
"EC-Earth3","Mid","ssp585","SM_outside",325.578076741725,312,0.425887149515242,0.407843137254902
"EC-Earth3","Mid","ssp585","Either_outside",327.980100957445,314,0.429027424243034,0.410457516339869
"INM-CM4-8","Mid","ssp585","VPD_below",21.1652628928425,0,0.027702534227533,0
"INM-CM4-8","Mid","ssp585","VPD_above",84.5254956282167,66,0.110533320045441,0.0862745098039216
"INM-CM4-8","Mid","ssp585","VPD_outside",105.690758521059,78,0.138235854272974,0.101960784313725
"INM-CM4-8","Mid","ssp585","SM_below",193.03563798826,154,0.252421865881407,0.201307189542484
"INM-CM4-8","Mid","ssp585","SM_above",63.8999186631097,45,0.0835731092746542,0.0588235294117647
"INM-CM4-8","Mid","ssp585","SM_outside",256.935556651369,202,0.335994975156062,0.264052287581699
"INM-CM4-8","Mid","ssp585","Either_outside",310.117636146662,306,0.405535485682699,0.4
"INM-CM5-0","Mid","ssp585","VPD_below",29.6090817749235,0,0.038725293488226,0
"INM-CM5-0","Mid","ssp585","VPD_above",37.1223634613779,29,0.0485585769328286,0.0379084967320261
"INM-CM5-0","Mid","ssp585","VPD_outside",66.7314452363014,35,0.0872838704210545,0.0457516339869281
"INM-CM5-0","Mid","ssp585","SM_below",184.945544202086,147,0.241863519056968,0.192156862745098
"INM-CM5-0","Mid","ssp585","SM_above",90.564054803222,82,0.118433956159434,0.10718954248366
"INM-CM5-0","Mid","ssp585","SM_outside",275.509599005308,226,0.360297475216402,0.295424836601307
"INM-CM5-0","Mid","ssp585","Either_outside",303.9625815661,285,0.397497416077618,0.372549019607843
"IPSL-CM6A-LR","Mid","ssp585","VPD_below",1.92750236467002,0,0.00252636313532517,0
"IPSL-CM6A-LR","Mid","ssp585","VPD_above",11.2913979451517,2,0.0147682112440623,0.00261437908496732
"IPSL-CM6A-LR","Mid","ssp585","VPD_outside",13.2189003098217,3,0.0172945743793875,0.00392156862745098
"IPSL-CM6A-LR","Mid","ssp585","SM_below",125.6662697988,87,0.164326595759992,0.113725490196078
"IPSL-CM6A-LR","Mid","ssp585","SM_above",23.9548834536689,10,0.0313238948977032,0.0130718954248366
"IPSL-CM6A-LR","Mid","ssp585","SM_outside",149.621153252469,98,0.195650490657695,0.128104575163399
"IPSL-CM6A-LR","Mid","ssp585","Either_outside",157.533747799688,111,0.206004145484647,0.145098039215686
"KACE-1-0-G","Mid","ssp585","VPD_below",71.2381299695013,58,0.0933674424841331,0.0758169934640523
"KACE-1-0-G","Mid","ssp585","VPD_above",87.276504083751,74,0.114317582363021,0.0967320261437909
"KACE-1-0-G","Mid","ssp585","VPD_outside",158.514634053252,126,0.207685024847155,0.164705882352941
"KACE-1-0-G","Mid","ssp585","SM_below",177.764884941076,117,0.232917189774684,0.153242241778601
"KACE-1-0-G","Mid","ssp585","SM_above",72.8474366673014,70,0.0953849969236325,0.0928104575163399
"KACE-1-0-G","Mid","ssp585","SM_outside",250.612321608378,195,0.328302186698317,0.254901960784314
"KACE-1-0-G","Mid","ssp585","Either_outside",333.162430867544,328,0.436370154866338,0.42875816993464
"MIROC6","Mid","ssp585","VPD_below",41.478644382753,0,0.0542692807379391,0
"MIROC6","Mid","ssp585","VPD_above",40.4066945194891,2,0.0528509023372073,0.00261437908496732
"MIROC6","Mid","ssp585","VPD_outside",81.8853389022421,4,0.107120183075146,0.00522875816993464
"MIROC6","Mid","ssp585","SM_below",59.4416353604313,6,0.0777411059550983,0.00784313725490196
"MIROC6","Mid","ssp585","SM_above",41.2142710644496,15,0.0539094838618184,0.0196078431372549
"MIROC6","Mid","ssp585","SM_outside",100.655906424881,46,0.131650589816917,0.0601307189542484
"MIROC6","Mid","ssp585","Either_outside",148.561103702922,85,0.194317766025009,0.111111111111111
"MPI-ESM1-2-HR","Mid","ssp585","VPD_below",3.61946808780989,0,0.0047657289686067,0
"MPI-ESM1-2-HR","Mid","ssp585","VPD_above",14.159455406439,4,0.0185612279279302,0.00522875816993464
"MPI-ESM1-2-HR","Mid","ssp585","VPD_outside",17.7789234942489,5,0.0233269568965369,0.0065359477124183
"MPI-ESM1-2-HR","Mid","ssp585","SM_below",80.4235288478207,32,0.105274968627432,0.0418848167539267
"MPI-ESM1-2-HR","Mid","ssp585","SM_above",23.7299664573776,5,0.0310775560829526,0.0065359477124183
"MPI-ESM1-2-HR","Mid","ssp585","SM_outside",104.153495305198,49,0.136352524710385,0.0640522875816993
"MPI-ESM1-2-HR","Mid","ssp585","Either_outside",113.221580864704,63,0.148243400895992,0.0826229863468901
"MPI-ESM1-2-LR","Mid","ssp585","VPD_below",4.4363314194592,0,0.00583655905015323,0
"MPI-ESM1-2-LR","Mid","ssp585","VPD_above",8.39012355668252,0,0.0110386001502044,0
"MPI-ESM1-2-LR","Mid","ssp585","VPD_outside",12.8264549761417,0,0.0168751592003576,0
"MPI-ESM1-2-LR","Mid","ssp585","SM_below",83.9995777428634,41,0.109929960476145,0.0535947712418301
"MPI-ESM1-2-LR","Mid","ssp585","SM_above",26.6357379495944,2,0.0348958470707286,0.00261437908496732
"MPI-ESM1-2-LR","Mid","ssp585","SM_outside",110.635315692458,54,0.144825807546873,0.0705882352941176
"MPI-ESM1-2-LR","Mid","ssp585","Either_outside",117.675831295404,67,0.154096265755548,0.0875816993464052
"MRI-ESM2-0","Mid","ssp585","VPD_below",3.42980829788745,0,0.00448495208756994,0
"MRI-ESM2-0","Mid","ssp585","VPD_above",23.8461778870877,0,0.0311758943208026,0
"MRI-ESM2-0","Mid","ssp585","VPD_outside",27.2759861849751,0,0.0356608464083726,0
"MRI-ESM2-0","Mid","ssp585","SM_below",129.89899046194,61,0.169876411078165,0.0797385620915033
"MRI-ESM2-0","Mid","ssp585","SM_above",42.8480514734369,7,0.0560247747571078,0.00915032679738562
"MRI-ESM2-0","Mid","ssp585","SM_outside",172.747041935377,91,0.225901185835272,0.118954248366013
"MRI-ESM2-0","Mid","ssp585","Either_outside",180.332841926773,102,0.235818957844317,0.133333333333333
"NorESM2-LM","Mid","ssp585","VPD_below",16.3222017279771,0,0.0213639963806349,0
"NorESM2-LM","Mid","ssp585","VPD_above",19.3864482871602,9,0.0253608019509814,0.0118811932952949
"NorESM2-LM","Mid","ssp585","VPD_outside",35.7086500151373,13,0.0467247983316163,0.0169934640522876
"NorESM2-LM","Mid","ssp585","SM_below",142.170222790275,110,0.185947803372837,0.143790849673203
"NorESM2-LM","Mid","ssp585","SM_above",62.2581726600732,36,0.0814429909390079,0.0470588235294118
"NorESM2-LM","Mid","ssp585","SM_outside",204.428395450349,166,0.267390794311845,0.216993464052288
"NorESM2-LM","Mid","ssp585","Either_outside",224.843599336718,189,0.294093555725469,0.247058823529412
"NorESM2-MM","Mid","ssp585","VPD_below",10.1974280925874,0,0.0133452815197295,0
"NorESM2-MM","Mid","ssp585","VPD_above",27.8261714674216,15,0.0364023296121997,0.0196078431372549
"NorESM2-MM","Mid","ssp585","VPD_outside",38.0235995600089,18,0.0497476111319292,0.0235294117647059
"NorESM2-MM","Mid","ssp585","SM_below",159.060254580983,148,0.208096652029181,0.193464052287582
"NorESM2-MM","Mid","ssp585","SM_above",45.5077695777201,26,0.0595472723625173,0.0339869281045752
"NorESM2-MM","Mid","ssp585","SM_outside",204.568024158703,181,0.267643924391699,0.236601307189542
"NorESM2-MM","Mid","ssp585","Either_outside",226.041872694513,212,0.295727558450074,0.277124183006536
"TaiESM1","Mid","ssp585","VPD_below",1.25299418600801,0,0.00163827966357589,0
"TaiESM1","Mid","ssp585","VPD_above",2.37603657170567,0,0.00310645265286098,0
"TaiESM1","Mid","ssp585","VPD_outside",3.62903075771369,0,0.00474473231643687,0
"TaiESM1","Mid","ssp585","SM_below",136.89543859379,126,0.179017450851482,0.164705882352941
"TaiESM1","Mid","ssp585","SM_above",61.9472074747338,46,0.0810011909294115,0.0601307189542484
"TaiESM1","Mid","ssp585","SM_outside",198.842646068524,173,0.260018641780893,0.226143790849673
"TaiESM1","Mid","ssp585","Either_outside",200.799090081756,175,0.262576619688,0.228758169934641
"CMCC-ESM2","End","ssp245","VPD_below",1.79559595560898,0,0.0023482034398063,0
"CMCC-ESM2","End","ssp245","VPD_above",59.9342919251454,47,0.0783605364316391,0.061437908496732
"CMCC-ESM2","End","ssp245","VPD_outside",61.7298878807543,49,0.0807087398714455,0.0640522875816993
"CMCC-ESM2","End","ssp245","SM_below",195.16303092124,210,0.255169609862027,0.274509803921569
"CMCC-ESM2","End","ssp245","SM_above",31.2861364879293,15,0.0409114380553942,0.0196078431372549
"CMCC-ESM2","End","ssp245","SM_outside",226.449167409169,233,0.296081047917421,0.305372188297132
"CMCC-ESM2","End","ssp245","Either_outside",252.401945969674,250,0.330008281919438,0.326797385620915
"CanESM5","End","ssp245","VPD_below",12.3725282827013,0,0.0161985861085796,0
"CanESM5","End","ssp245","VPD_above",61.4067946640985,48,0.0803426741796088,0.0627450980392157
"CanESM5","End","ssp245","VPD_outside",73.7793229467998,53,0.0965412602881884,0.069281045751634
"CanESM5","End","ssp245","SM_below",125.388893194766,98,0.164079495019922,0.128104575163399
"CanESM5","End","ssp245","SM_above",79.1079132958606,58,0.103495319811357,0.0758169934640523
"CanESM5","End","ssp245","SM_outside",204.496806490627,160,0.267574814831279,0.209150326797386
"CanESM5","End","ssp245","Either_outside",249.24816354104,219,0.326100699457665,0.286274509803922
"CanESM5-1","End","ssp245","VPD_below",8.14475949904518,0,0.0106651857505548,0
"CanESM5-1","End","ssp245","VPD_above",55.6030689319315,33,0.0727345550190443,0.0431654860897238
"CanESM5-1","End","ssp245","VPD_outside",63.7478284309767,38,0.0833997407695991,0.0496732026143791
"CanESM5-1","End","ssp245","SM_below",133.052798013081,87,0.174060537966639,0.113725490196078
"CanESM5-1","End","ssp245","SM_above",79.5482067174739,60,0.104051655078957,0.0784313725490196
"CanESM5-1","End","ssp245","SM_outside",212.601004730555,174,0.278112193045596,0.227450980392157
"CanESM5-1","End","ssp245","Either_outside",248.019983110785,218,0.324425115999832,0.284967320261438
"EC-Earth3","End","ssp245","VPD_below",1.72279566521905,0,0.00225248776132829,0
"EC-Earth3","End","ssp245","VPD_above",42.6284504777986,35,0.0557401545936699,0.0457516339869281
"EC-Earth3","End","ssp245","VPD_outside",44.3512461430176,36,0.0579926423549981,0.0470588235294118
"EC-Earth3","End","ssp245","SM_below",268.417483383037,276,0.350954248122502,0.36078431372549
"EC-Earth3","End","ssp245","SM_above",74.4447137873963,63,0.0973428700366248,0.0823529411764706
"EC-Earth3","End","ssp245","SM_outside",342.862197170433,348,0.448297118159126,0.454901960784314
"EC-Earth3","End","ssp245","Either_outside",347.392635063202,353,0.454220508934359,0.461437908496732
"INM-CM4-8","End","ssp245","VPD_below",36.2112576226959,0,0.0473588896724546,0
"INM-CM4-8","End","ssp245","VPD_above",66.1446926723356,54,0.086518177438347,0.0705882352941176
"INM-CM4-8","End","ssp245","VPD_outside",102.355950295032,65,0.133877067110802,0.0849673202614379
"INM-CM4-8","End","ssp245","SM_below",170.309073708783,112,0.222736634461218,0.14640522875817
"INM-CM4-8","End","ssp245","SM_above",78.9692820502035,66,0.103273015650973,0.0862745098039216
"INM-CM4-8","End","ssp245","SM_outside",249.278355758986,171,0.326009650112191,0.223529411764706
"INM-CM4-8","End","ssp245","Either_outside",304.569596904722,289,0.398301790641574,0.377777777777778
"INM-CM5-0","End","ssp245","VPD_below",13.6861027371242,0,0.0179005234261443,0
"INM-CM5-0","End","ssp245","VPD_above",45.5721962826665,31,0.0595863521612774,0.0405228758169935
"INM-CM5-0","End","ssp245","VPD_outside",59.2582990197907,35,0.0774868755874216,0.0457516339869281
"INM-CM5-0","End","ssp245","SM_below",176.59955142267,169,0.230882018483579,0.220915032679739
"INM-CM5-0","End","ssp245","SM_above",90.7501572130526,80,0.118652201010278,0.104575163398693
"INM-CM5-0","End","ssp245","SM_outside",267.349708635722,240,0.349534219493858,0.313725490196078
"INM-CM5-0","End","ssp245","Either_outside",291.445335463109,277,0.38103591009286,0.362091503267974
"IPSL-CM6A-LR","End","ssp245","VPD_below",2.02163322486967,0,0.00264417632923411,0
"IPSL-CM6A-LR","End","ssp245","VPD_above",13.1327062896074,3,0.0171688470783204,0.00392156862745098
"IPSL-CM6A-LR","End","ssp245","VPD_outside",15.1543395144771,3,0.0198130234075545,0.00392156862745098
"IPSL-CM6A-LR","End","ssp245","SM_below",91.9212050183497,49,0.120170842445818,0.0640522875816993
"IPSL-CM6A-LR","End","ssp245","SM_above",36.8693852401454,12,0.0482015744764292,0.0156862745098039
"IPSL-CM6A-LR","End","ssp245","SM_outside",128.790590258495,70,0.168372416922247,0.0915032679738562
"IPSL-CM6A-LR","End","ssp245","Either_outside",139.21782950027,91,0.18200535785717,0.118954248366013
"KACE-1-0-G","End","ssp245","VPD_below",77.3803166025047,63.5,0.101517960997697,0.0836601307189542
"KACE-1-0-G","End","ssp245","VPD_above",87.6509948217268,74,0.11490694581578,0.0967320261437909
"KACE-1-0-G","End","ssp245","VPD_outside",165.031311424231,138,0.216424906813477,0.181340654786573
"KACE-1-0-G","End","ssp245","SM_below",158.879960687563,133,0.208533905975087,0.173856209150327
"KACE-1-0-G","End","ssp245","SM_above",88.4690577561275,86,0.115955097150405,0.112418300653595
"KACE-1-0-G","End","ssp245","SM_outside",247.349018443691,221,0.324489003125492,0.288888888888889
"KACE-1-0-G","End","ssp245","Either_outside",327.559693070834,342,0.429500226376392,0.447058823529412
"MIROC6","End","ssp245","VPD_below",38.6297863171666,0,0.0505172621232387,0
"MIROC6","End","ssp245","VPD_above",60.3436607174797,8,0.0789049820361193,0.0104575163398693
"MIROC6","End","ssp245","VPD_outside",98.9734470346464,12,0.129422244159358,0.0156862745098039
"MIROC6","End","ssp245","SM_below",107.036727828818,46,0.139965565122213,0.0601307189542484
"MIROC6","End","ssp245","SM_above",35.3786336977285,7,0.0462549333434859,0.00915032679738562
"MIROC6","End","ssp245","SM_outside",142.415361526547,74,0.186220498465699,0.0967320261437909
"MIROC6","End","ssp245","Either_outside",191.954185093262,146,0.250993889351263,0.190849673202614
"MPI-ESM1-2-HR","End","ssp245","VPD_below",3.5089564223659,0,0.00460322977799991,0
"MPI-ESM1-2-HR","End","ssp245","VPD_above",31.2674835518138,11,0.0409631453802475,0.0143790849673203
"MPI-ESM1-2-HR","End","ssp245","VPD_outside",34.7764399741797,15,0.0455663751582474,0.0196078431372549
"MPI-ESM1-2-HR","End","ssp245","SM_below",103.716881685806,46,0.135731163105763,0.0601307189542484
"MPI-ESM1-2-HR","End","ssp245","SM_above",22.4572195761847,7,0.029392169197349,0.00915032679738562
"MPI-ESM1-2-HR","End","ssp245","SM_outside",126.17410126199,60,0.165123332303112,0.0784313725490196
"MPI-ESM1-2-HR","End","ssp245","Either_outside",141.365331549605,84,0.185023697994546,0.109803921568627
"MPI-ESM1-2-LR","End","ssp245","VPD_below",3.18530709098113,0,0.00417574204688047,0
"MPI-ESM1-2-LR","End","ssp245","VPD_above",19.3951233439426,2,0.0253781719206532,0.00261437908496732
"MPI-ESM1-2-LR","End","ssp245","VPD_outside",22.5804304349237,3,0.0295539139675336,0.00392156862745098
"MPI-ESM1-2-LR","End","ssp245","SM_below",92.5431858769002,40,0.120994607886195,0.0522875816993464
"MPI-ESM1-2-LR","End","ssp245","SM_above",21.3567569068759,0,0.0279306046968672,0
"MPI-ESM1-2-LR","End","ssp245","SM_outside",113.899942783776,49,0.148925212583062,0.0640522875816993
"MPI-ESM1-2-LR","End","ssp245","Either_outside",126.399281155315,78,0.165287891058969,0.101960784313725
"MRI-ESM2-0","End","ssp245","VPD_below",6.77558140291601,0,0.00885839377120396,0
"MRI-ESM2-0","End","ssp245","VPD_above",17.4594673657509,0,0.0228247454434883,0
"MRI-ESM2-0","End","ssp245","VPD_outside",24.2350487686669,0,0.0316831392146923,0
"MRI-ESM2-0","End","ssp245","SM_below",88.7019455252758,30,0.115974917531892,0.0392156862745098
"MRI-ESM2-0","End","ssp245","SM_above",45.1633686555497,11,0.0590424975914146,0.0143790849673203
"MRI-ESM2-0","End","ssp245","SM_outside",133.865314180826,64,0.175017415123307,0.0836601307189542
"MRI-ESM2-0","End","ssp245","Either_outside",144.708573336833,83,0.189193142354791,0.108496732026144
"NorESM2-LM","End","ssp245","VPD_below",7.75692253754665,0,0.0101499606111803,0
"NorESM2-LM","End","ssp245","VPD_above",35.9154912802129,24,0.0469727936660695,0.0313725490196078
"NorESM2-LM","End","ssp245","VPD_outside",43.6724138177596,29,0.0571227542772498,0.0379084967320261
"NorESM2-LM","End","ssp245","SM_below",149.82609645276,106,0.195916961560697,0.138562091503268
"NorESM2-LM","End","ssp245","SM_above",46.0727318031792,23,0.0602435297293201,0.0300653594771242
"NorESM2-LM","End","ssp245","SM_outside",195.898828255939,158,0.256160491290017,0.206535947712418
"NorESM2-LM","End","ssp245","Either_outside",216.117167858878,180,0.282598124701489,0.235294117647059
"NorESM2-MM","End","ssp245","VPD_below",8.68815326017438,0,0.0113648617058513,0
"NorESM2-MM","End","ssp245","VPD_above",49.1892479485645,33,0.0643366358936267,0.0431372549019608
"NorESM2-MM","End","ssp245","VPD_outside",57.8774012087389,36,0.075701497599478,0.0479360852197071
"NorESM2-MM","End","ssp245","SM_below",220.597071354461,198,0.288583748297539,0.258823529411765
"NorESM2-MM","End","ssp245","SM_above",36.0174069672955,23,0.0471337426015533,0.0300653594771242
"NorESM2-MM","End","ssp245","SM_outside",256.614478321756,233,0.335717490899092,0.304575163398693
"NorESM2-MM","End","ssp245","Either_outside",284.111926877216,263,0.37166775444821,0.344692005242464
"TaiESM1","End","ssp245","VPD_below",3.2235787376112,0,0.00421811342085505,0
"TaiESM1","End","ssp245","VPD_above",57.1250596742402,44,0.0746820191495096,0.057516339869281
"TaiESM1","End","ssp245","VPD_outside",60.3486384118514,47,0.0789001325703647,0.061437908496732
"TaiESM1","End","ssp245","SM_below",155.420407595984,147,0.203184248647434,0.192156862745098
"TaiESM1","End","ssp245","SM_above",57.9946613382495,42,0.0758194677616363,0.0549019607843137
"TaiESM1","End","ssp245","SM_outside",213.415068934233,194,0.27900371640907,0.25359477124183
"TaiESM1","End","ssp245","Either_outside",237.018714963254,219,0.309865008721588,0.286274509803922
"CMCC-ESM2","End","ssp585","VPD_below",2.03765335779612,0,0.00266402865036621,0
"CMCC-ESM2","End","ssp585","VPD_above",69.2459549384076,53,0.0905199534035074,0.069281045751634
"CMCC-ESM2","End","ssp585","VPD_outside",71.2836082962037,54,0.0931839820538736,0.0705882352941176
"CMCC-ESM2","End","ssp585","SM_below",151.303158047459,138,0.197785431498185,0.180392156862745
"CMCC-ESM2","End","ssp585","SM_above",50.0456786303812,31,0.0654207243694797,0.0405228758169935
"CMCC-ESM2","End","ssp585","SM_outside",201.34883667784,182,0.263206155867665,0.237908496732026
"CMCC-ESM2","End","ssp585","Either_outside",230.157870185781,215,0.300866058098452,0.281045751633987
"CanESM5","End","ssp585","VPD_below",9.00931557195313,0,0.0117783897397803,0
"CanESM5","End","ssp585","VPD_above",131.455333191132,118,0.171854077197137,0.154248366013072
"CanESM5","End","ssp585","VPD_outside",140.464648763086,127,0.183632466936917,0.166013071895425
"CanESM5","End","ssp585","SM_below",142.277592439266,103,0.186012194764979,0.134640522875817
"CanESM5","End","ssp585","SM_above",50.0151114560826,34,0.0653905863841971,0.0444444444444444
"CanESM5","End","ssp585","SM_outside",192.292703895348,150,0.251402781149176,0.196078431372549
"CanESM5","End","ssp585","Either_outside",281.676180328586,278,0.368247156005194,0.363398692810458
"CanESM5-1","End","ssp585","VPD_below",7.97226257181976,0,0.010423732580981,0
"CanESM5-1","End","ssp585","VPD_above",143.868936916167,142,0.188070995240992,0.18562091503268
"CanESM5-1","End","ssp585","VPD_outside",151.841199487987,146,0.198494727821974,0.190849673202614
"CanESM5-1","End","ssp585","SM_below",162.306670032807,145,0.212173517988354,0.189542483660131
"CanESM5-1","End","ssp585","SM_above",59.8261298023544,41,0.0782082519531538,0.0535947712418301
"CanESM5-1","End","ssp585","SM_outside",222.132799835161,202,0.290381769941507,0.264052287581699
"CanESM5-1","End","ssp585","Either_outside",308.350886402926,314,0.403088366339942,0.410457516339869
"EC-Earth3","End","ssp585","VPD_below",0.872428456223317,0,0.00114043146068865,0
"EC-Earth3","End","ssp585","VPD_above",117.867549088017,103,0.154076008101233,0.134640522875817
"EC-Earth3","End","ssp585","VPD_outside",118.73997754424,104,0.155216439561922,0.135947712418301
"EC-Earth3","End","ssp585","SM_below",346.414262357486,340,0.452832026181572,0.444444444444444
"EC-Earth3","End","ssp585","SM_above",48.4086271344007,37,0.0632800003825754,0.0483660130718954
"EC-Earth3","End","ssp585","SM_outside",394.822889491886,392,0.516112026564147,0.512418300653595
"EC-Earth3","End","ssp585","Either_outside",409.412324221535,405,0.535183232179421,0.529411764705882
"INM-CM4-8","End","ssp585","VPD_below",18.8515207424977,0,0.0246546436580856,0
"INM-CM4-8","End","ssp585","VPD_above",123.418488637369,113,0.161358294944854,0.147712418300654
"INM-CM4-8","End","ssp585","VPD_outside",142.270009379866,124,0.18601293860294,0.162091503267974
"INM-CM4-8","End","ssp585","SM_below",182.415027792936,151,0.238484117680205,0.197385620915033
"INM-CM4-8","End","ssp585","SM_above",70.5656393176851,61,0.0922566584060862,0.0797385620915033
"INM-CM4-8","End","ssp585","SM_outside",252.980667110622,198,0.330740776086292,0.258823529411765
"INM-CM4-8","End","ssp585","Either_outside",325.250928603059,322,0.425219818194878,0.420915032679739
"INM-CM5-0","End","ssp585","VPD_below",23.3725264652716,0,0.0305530380807018,0
"INM-CM5-0","End","ssp585","VPD_above",89.7362312674413,75,0.117304928884316,0.0980392156862745
"INM-CM5-0","End","ssp585","VPD_outside",113.108757732713,90,0.147857966965018,0.117647058823529
"INM-CM5-0","End","ssp585","SM_below",181.091647406459,134,0.236724949852431,0.17516339869281
"INM-CM5-0","End","ssp585","SM_above",97.1149273693588,94,0.126948885369796,0.122875816993464
"INM-CM5-0","End","ssp585","SM_outside",278.206574775818,224,0.363673835222227,0.29281045751634
"INM-CM5-0","End","ssp585","Either_outside",324.107880370503,314,0.423676324366387,0.410457516339869
"IPSL-CM6A-LR","End","ssp585","VPD_below",0.922268104812194,0,0.00120557922197672,0
"IPSL-CM6A-LR","End","ssp585","VPD_above",94.0558995345298,66,0.122949171739938,0.0862745098039216
"IPSL-CM6A-LR","End","ssp585","VPD_outside",94.978167639342,67,0.124154750961915,0.0875816993464052
"IPSL-CM6A-LR","End","ssp585","SM_below",108.358679878023,74,0.141645908703314,0.0967320261437909
"IPSL-CM6A-LR","End","ssp585","SM_above",22.0386891668121,4,0.0288087789907804,0.00522875816993464
"IPSL-CM6A-LR","End","ssp585","SM_outside",130.397369044835,84,0.170454687694094,0.109803921568627
"IPSL-CM6A-LR","End","ssp585","Either_outside",198.582673051337,190,0.259585897830724,0.248366013071895
"KACE-1-0-G","End","ssp585","VPD_below",58.9515560480671,48,0.0770887054392842,0.0627450980392157
"KACE-1-0-G","End","ssp585","VPD_above",185.142156485851,182,0.24207420693126,0.237908496732026
"KACE-1-0-G","End","ssp585","VPD_outside",244.093712533918,226,0.319162912370545,0.295424836601307
"KACE-1-0-G","End","ssp585","SM_below",180.467515779928,141,0.235977923985658,0.184313725490196
"KACE-1-0-G","End","ssp585","SM_above",73.5240687513315,73,0.0961266776881652,0.0954248366013072
"KACE-1-0-G","End","ssp585","SM_outside",253.99158453126,220,0.332104601673824,0.287581699346405
"KACE-1-0-G","End","ssp585","Either_outside",381.809152184598,397,0.499209471977579,0.518954248366013
"MIROC6","End","ssp585","VPD_below",23.3174099036656,0,0.0304842779285557,0
"MIROC6","End","ssp585","VPD_above",100.387330285583,38,0.131231085465767,0.0496732026143791
"MIROC6","End","ssp585","VPD_outside",123.704740189248,42,0.161715363394323,0.0549019607843137
"MIROC6","End","ssp585","SM_below",111.467279259164,50,0.145713844286462,0.065359477124183
"MIROC6","End","ssp585","SM_above",24.0682531966166,6,0.0314640139080896,0.00784313725490196
"MIROC6","End","ssp585","SM_outside",135.53553245578,83,0.177177858194551,0.108496732026144
"MIROC6","End","ssp585","Either_outside",204.897666817443,171,0.267852568770019,0.223529411764706
"MPI-ESM1-2-HR","End","ssp585","VPD_below",2.2079072105993,0,0.00289077485035392,0
"MPI-ESM1-2-HR","End","ssp585","VPD_above",65.0092622199556,48,0.085020732172364,0.0627450980392157
"MPI-ESM1-2-HR","End","ssp585","VPD_outside",67.2171694305549,50,0.0879115070227179,0.065359477124183
"MPI-ESM1-2-HR","End","ssp585","SM_below",100.348374678526,43,0.131203793817129,0.0562091503267974
"MPI-ESM1-2-HR","End","ssp585","SM_above",19.7183113588829,8,0.0257845351735833,0.0104575163398693
"MPI-ESM1-2-HR","End","ssp585","SM_outside",120.066686037409,55,0.156988328990712,0.0718954248366013
"MPI-ESM1-2-HR","End","ssp585","Either_outside",156.981222441648,124,0.205268045066574,0.16219758409472
"MPI-ESM1-2-LR","End","ssp585","VPD_below",2.6246802357811,0,0.00343560342428599,0
"MPI-ESM1-2-LR","End","ssp585","VPD_above",86.6295605830319,56,0.113275917911072,0.073202614379085
"MPI-ESM1-2-LR","End","ssp585","VPD_outside",89.254240818813,59,0.116711521335358,0.077124183006536
"MPI-ESM1-2-LR","End","ssp585","SM_below",143.496326248702,81,0.187598066652663,0.105882352941176
"MPI-ESM1-2-LR","End","ssp585","SM_above",18.4636975719704,1,0.0241422363547535,0.00130718954248366
"MPI-ESM1-2-LR","End","ssp585","SM_outside",161.960023820672,94,0.211740303007416,0.122875816993464
"MPI-ESM1-2-LR","End","ssp585","Either_outside",197.97525461841,185,0.25884079193312,0.241830065359477
"MRI-ESM2-0","End","ssp585","VPD_below",2.56329633180692,0,0.00335081680118747,0
"MRI-ESM2-0","End","ssp585","VPD_above",32.3456979783846,4,0.0422823228382278,0.00522875816993464
"MRI-ESM2-0","End","ssp585","VPD_outside",34.9089943101915,5,0.0456331396394153,0.0065359477124183
"MRI-ESM2-0","End","ssp585","SM_below",146.175695589986,81,0.191086669559297,0.105882352941176
"MRI-ESM2-0","End","ssp585","SM_above",42.9558594028366,6,0.0561532694398538,0.00784313725490196
"MRI-ESM2-0","End","ssp585","SM_outside",189.131554992822,119,0.247239938999151,0.155555555555556
"MRI-ESM2-0","End","ssp585","Either_outside",198.354561520103,133,0.259296288931882,0.173913043478261
"NorESM2-LM","End","ssp585","VPD_below",7.52078404228954,0,0.00983655927727243,0
"NorESM2-LM","End","ssp585","VPD_above",91.9122421574974,87,0.120174824240286,0.113725490196078
"NorESM2-LM","End","ssp585","VPD_outside",99.4330261997869,92,0.130011383517558,0.120261437908497
"NorESM2-LM","End","ssp585","SM_below",194.956722039629,168,0.25489117618669,0.219607843137255
"NorESM2-LM","End","ssp585","SM_above",39.0177974878397,23,0.0510148338732933,0.0300653594771242
"NorESM2-LM","End","ssp585","SM_outside",233.974519527469,207,0.305906010059984,0.270588235294118
"NorESM2-LM","End","ssp585","Either_outside",275.240757982053,262,0.359855925364818,0.342483660130719
"NorESM2-MM","End","ssp585","VPD_below",7.77012492136239,0,0.0101584193995032,0
"NorESM2-MM","End","ssp585","VPD_above",88.5376081347742,84,0.115743321548451,0.109803921568627
"NorESM2-MM","End","ssp585","VPD_outside",96.3077330561366,90,0.125901740947954,0.117647058823529
"NorESM2-MM","End","ssp585","SM_below",156.073238774416,115,0.204032030921212,0.150326797385621
"NorESM2-MM","End","ssp585","SM_above",50.7460176666528,33,0.0663422434466107,0.0431372549019608
"NorESM2-MM","End","ssp585","SM_outside",206.819256441069,165,0.270374274367823,0.215968586387435
"NorESM2-MM","End","ssp585","Either_outside",260.505231857005,240,0.340555043374609,0.313725490196078
"TaiESM1","End","ssp585","VPD_below",0.730716406269091,0,0.000955209696409962,0
"TaiESM1","End","ssp585","VPD_above",53.2300566775033,36,0.0695822179878353,0.0470588235294118
"TaiESM1","End","ssp585","VPD_outside",53.9607730837724,37,0.0705374276842452,0.0483660130718954
"TaiESM1","End","ssp585","SM_below",177.180848410988,162,0.231610645294292,0.211764705882353
"TaiESM1","End","ssp585","SM_above",47.0201085499043,34,0.0614646271125056,0.0444444444444444
"TaiESM1","End","ssp585","SM_outside",224.200956960893,209,0.293075272406798,0.273202614379085
"TaiESM1","End","ssp585","Either_outside",251.326547392897,242,0.328533740759482,0.316339869281046
